Protocollo;Gruppo;DataOraIncidente;Localizzazione1;STRADA1;Localizzazione2;STRADA2;Strada02;Chilometrica;DaSpecificare;NaturaIncidente;particolaritastrade;TipoStrada;FondoStradale;Pavimentazione;Segnaletica;CondizioneAtmosferica;Traffico;Visibilita;Illuminazione;NUM_FERITI;NUM_RISERVATA;NUM_MORTI;NUM_ILLESI;Longitudine;Latitudine;Confermato;Progressivo;TipoVeicolo;StatoVeicolo;TipoPersona;Sesso;Tipolesione;Deceduto;DecedutoDopo;CinturaCascoUtilizzato;Airbag
1943411;6;04/05/2013 13:00;Provinciale entro l'abitato;VIA PRENESTINA;in corrispondenza;;del civico n. ;152;;Investimento di pedone;Rettilineo;Più di due carreggiate;Asciutto;Asfaltata;Orizzontale;Sereno;Normale;Buona;Ore Diurne;1;0;0;1;;;-1;;;;Pedone;M;Rimandato;0;NON DECEDUTO;;
1943411;6;04/05/2013 13:00;Provinciale entro l'abitato;VIA PRENESTINA;in corrispondenza;;del civico n. ;152;;Investimento di pedone;Rettilineo;Più di due carreggiate;Asciutto;Asfaltata;Orizzontale;Sereno;Normale;Buona;Ore Diurne;1;0;0;1;;;-1;1;Autovettura privata;In marcia / fermata / arresto;Conducente;F;Illeso;0;;Non accertato;Inesistente
1943412;6;05/05/2013 06:25;Strada Urbana;VIA PRENESTINA;all'intersezione semaforizzata con;VIA COLLATINA;VIA COLLATINA;;;Scontro frontale/laterale DX fra veicoli in marcia;Intersezione semaforizzata;Due carreggiate;Asciutto;Asfaltata;Verticale ed orizzontale;Sereno;Normale;Buona;Ore Diurne;3;0;0;0;;;-1;1;Autovettura privata;In marcia / fermata / arresto;Conducente;F;Rimandato;0;NON DECEDUTO;Non accertato;Inesploso
1943412;6;05/05/2013 06:25;Strada Urbana;VIA PRENESTINA;all'intersezione semaforizzata con;VIA COLLATINA;VIA COLLATINA;;;Scontro frontale/laterale DX fra veicoli in marcia;Intersezione semaforizzata;Due carreggiate;Asciutto;Asfaltata;Verticale ed orizzontale;Sereno;Normale;Buona;Ore Diurne;3;0;0;0;;;-1;2;Autovettura di polizia;In marcia / fermata / arresto;Conducente;M;Rimandato;0;NON DECEDUTO;Non accertato;Esploso
1943412;6;05/05/2013 06:25;Strada Urbana;VIA PRENESTINA;all'intersezione semaforizzata con;VIA COLLATINA;VIA COLLATINA;;;Scontro frontale/laterale DX fra veicoli in marcia;Intersezione semaforizzata;Due carreggiate;Asciutto;Asfaltata;Verticale ed orizzontale;Sereno;Normale;Buona;Ore Diurne;3;0;0;0;;;-1;2;Autovettura di polizia;In marcia / fermata / arresto;Passeggero Istruttore;M;Rimandato;0;NON DECEDUTO;Non accertato;Esploso
1943413;6;05/05/2013 13:20;Strada Urbana;VIA DI CENTOCELLE;da specificare;;;;altezza civico 110;Veicolo in marcia contro ostacolo fisso;Curva a visuale libera;Una carreggiata a senso unico di marcia;Bagnato (pioggia);Asfaltata;Orizzontale;Pioggia in atto;Scarso;Buona;Ore Diurne;1;0;0;0;;;-1;1;Autovettura privata;In marcia / fermata / arresto;Conducente;M;Rimandato;0;NON DECEDUTO;Non accertato;Esploso
1943414;6;05/05/2013 18:20;Strada Urbana;VIA GIORGIO PITACCO;in prossimità;;del civico n. ;46;;Veicolo in marcia contro veicolo in sosta;Rettilineo;Una carreggiata a senso unico di marcia;Asciutto;Asfaltata;Assente;Sereno;Scarso;Buona;Ore Diurne;0;0;0;1;;;-1;2;Autovettura privata;In marcia / fermata / arresto;Conducente;F;Illeso;0;;Non accertato;Inesistente
1943416;20;04/05/2013 16:45;Strada Urbana;PIAZZALE DI PONTE MILVIO;in corrispondenza;;del civico n. ;39;;Tamponamento;Rettilineo;Una carreggiata a senso unico di marcia;Asciutto;Asfaltata;Orizzontale;Sereno;Normale;Buona;Ore Diurne;1;0;0;4;;;-1;1;Autovettura privata;In marcia / fermata / arresto;Conducente;F;Illeso;0;;Non accertato;Inesploso
1943416;20;04/05/2013 16:45;Strada Urbana;PIAZZALE DI PONTE MILVIO;in corrispondenza;;del civico n. ;39;;Tamponamento;Rettilineo;Una carreggiata a senso unico di marcia;Asciutto;Asfaltata;Orizzontale;Sereno;Normale;Buona;Ore Diurne;1;0;0;4;;;-1;2;Autovettura privata;In marcia / fermata / arresto;Conducente;M;Illeso;0;;Utilizzato;Inesploso
1943416;20;04/05/2013 16:45;Strada Urbana;PIAZZALE DI PONTE MILVIO;in corrispondenza;;del civico n. ;39;;Tamponamento;Rettilineo;Una carreggiata a senso unico di marcia;Asciutto;Asfaltata;Orizzontale;Sereno;Normale;Buona;Ore Diurne;1;0;0;4;;;-1;2;Autovettura privata;In marcia / fermata / arresto;Passeggero;F;Rimandato;0;NON DECEDUTO;Utilizzato;Inesistente
1943416;20;04/05/2013 16:45;Strada Urbana;PIAZZALE DI PONTE MILVIO;in corrispondenza;;del civico n. ;39;;Tamponamento;Rettilineo;Una carreggiata a senso unico di marcia;Asciutto;Asfaltata;Orizzontale;Sereno;Normale;Buona;Ore Diurne;1;0;0;4;;;-1;2;Autovettura privata;In marcia / fermata / arresto;Passeggero;M;Illeso;0;;Utilizzato;Inesistente
1943416;20;04/05/2013 16:45;Strada Urbana;PIAZZALE DI PONTE MILVIO;in corrispondenza;;del civico n. ;39;;Tamponamento;Rettilineo;Una carreggiata a senso unico di marcia;Asciutto;Asfaltata;Orizzontale;Sereno;Normale;Buona;Ore Diurne;1;0;0;4;;;-1;2;Autovettura privata;In marcia / fermata / arresto;Passeggero;M;Illeso;0;;Utilizzato;Inesistente
1943417;20;04/05/2013 17:00;Strada Urbana;PIAZZA LAURO DE BOSIS;in prossimità;;del civico n. ;17;;Scontro frontale/laterale SX fra veicoli in marcia;Rettilineo;Due carreggiate;Asciutto;Asfaltata;Orizzontale;Sereno;Normale;Buona;Ore Diurne;0;0;0;3;;;-1;1;Autovettura privata;In marcia / fermata / arresto;Conducente;M;Illeso;0;;Non accertato;Inesploso
1943417;20;04/05/2013 17:00;Strada Urbana;PIAZZA LAURO DE BOSIS;in prossimità;;del civico n. ;17;;Scontro frontale/laterale SX fra veicoli in marcia;Rettilineo;Due carreggiate;Asciutto;Asfaltata;Orizzontale;Sereno;Normale;Buona;Ore Diurne;0;0;0;3;;;-1;1;Autovettura privata;In marcia / fermata / arresto;Passeggero;M;Illeso;0;;Non accertato;Inesploso
1943417;20;04/05/2013 17:00;Strada Urbana;PIAZZA LAURO DE BOSIS;in prossimità;;del civico n. ;17;;Scontro frontale/laterale SX fra veicoli in marcia;Rettilineo;Due carreggiate;Asciutto;Asfaltata;Orizzontale;Sereno;Normale;Buona;Ore Diurne;0;0;0;3;;;-1;2;Autovettura privata;In marcia / fermata / arresto;Conducente;M;Illeso;0;;Non accertato;Inesistente
1943418;15;04/05/2013 21:10;Strada Urbana;VIA DELLA MAGLIANA;all'intersezione semaforizzata con;VIA DELL'IMPRUNETA;VIA DELL'IMPRUNETA;;;Scontro frontale/laterale SX fra veicoli in marcia;Intersezione semaforizzata;Una carreggiata a doppio senso;Asciutto;Asfaltata;Verticale ed orizzontale;Sereno;Normale;Buona;Sufficiente;0;0;0;4;;;-1;1;Autovettura privata;In marcia / fermata / arresto;Conducente;M;Illeso;0;;Utilizzato;Inesistente
1943418;15;04/05/2013 21:10;Strada Urbana;VIA DELLA MAGLIANA;all'intersezione semaforizzata con;VIA DELL'IMPRUNETA;VIA DELL'IMPRUNETA;;;Scontro frontale/laterale SX fra veicoli in marcia;Intersezione semaforizzata;Una carreggiata a doppio senso;Asciutto;Asfaltata;Verticale ed orizzontale;Sereno;Normale;Buona;Sufficiente;0;0;0;4;;;-1;2;Autovettura privata;In marcia / fermata / arresto;Conducente;M;Illeso;0;;Utilizzato;Inesistente
1943418;15;04/05/2013 21:10;Strada Urbana;VIA DELLA MAGLIANA;all'intersezione semaforizzata con;VIA DELL'IMPRUNETA;VIA DELL'IMPRUNETA;;;Scontro frontale/laterale SX fra veicoli in marcia;Intersezione semaforizzata;Una carreggiata a doppio senso;Asciutto;Asfaltata;Verticale ed orizzontale;Sereno;Normale;Buona;Sufficiente;0;0;0;4;;;-1;2;Autovettura privata;In marcia / fermata / arresto;Passeggero;M;Illeso;0;;Non accertato;Inesploso
1943418;15;04/05/2013 21:10;Strada Urbana;VIA DELLA MAGLIANA;all'intersezione semaforizzata con;VIA DELL'IMPRUNETA;VIA DELL'IMPRUNETA;;;Scontro frontale/laterale SX fra veicoli in marcia;Intersezione semaforizzata;Una carreggiata a doppio senso;Asciutto;Asfaltata;Verticale ed orizzontale;Sereno;Normale;Buona;Sufficiente;0;0;0;4;;;-1;3;Autovettura privata;In marcia / fermata / arresto;Conducente;M;Illeso;0;;Utilizzato;Inesistente
1943419;15;04/05/2013 23:30;Strada Urbana;LUNGOTEVERE DI PIETRA PAPA;da specificare;;;;in corrispondenza dei civici 59-61;Veicolo in marcia contro veicolo fermo;Rettilineo;Due carreggiate;Asciutto;Asfaltata;Orizzontale;Sereno;Scarso;Buona;Sufficiente;0;0;0;2;;;-1;1;Autovettura privata;In marcia / fermata / arresto;Conducente;F;Illeso;0;;Utilizzato;Inesistente
1943419;15;04/05/2013 23:30;Strada Urbana;LUNGOTEVERE DI PIETRA PAPA;da specificare;;;;in corrispondenza dei civici 59-61;Veicolo in marcia contro veicolo fermo;Rettilineo;Due carreggiate;Asciutto;Asfaltata;Orizzontale;Sereno;Scarso;Buona;Sufficiente;0;0;0;2;;;-1;2;Autovettura privata;In marcia / fermata / arresto;Conducente;F;Illeso;0;;Utilizzato;Inesistente
1943420;10;03/05/2013 18:45;Strada Urbana;VIA LEMONIA;all'intersezione con;VIA DEL QUADRARO;VIA DEL QUADRARO;;;Scontro laterale fra veicoli in marcia;Incrocio;Una carreggiata a doppio senso;Asciutto;Asfaltata;Verticale ed orizzontale;Sereno;Intenso;Buona;Ore Diurne;2;0;0;2;;;-1;1;Autovettura privata;In marcia / fermata / arresto;Conducente;M;Illeso;0;;Non accertato;Inesploso
1943420;10;03/05/2013 18:45;Strada Urbana;VIA LEMONIA;all'intersezione con;VIA DEL QUADRARO;VIA DEL QUADRARO;;;Scontro laterale fra veicoli in marcia;Incrocio;Una carreggiata a doppio senso;Asciutto;Asfaltata;Verticale ed orizzontale;Sereno;Intenso;Buona;Ore Diurne;2;0;0;2;;;-1;1;Autovettura privata;In marcia / fermata / arresto;Passeggero;M;Illeso;0;;Non accertato;Inesistente
1943420;10;03/05/2013 18:45;Strada Urbana;VIA LEMONIA;all'intersezione con;VIA DEL QUADRARO;VIA DEL QUADRARO;;;Scontro laterale fra veicoli in marcia;Incrocio;Una carreggiata a doppio senso;Asciutto;Asfaltata;Verticale ed orizzontale;Sereno;Intenso;Buona;Ore Diurne;2;0;0;2;;;-1;2;Ciclomotore;In marcia / fermata / arresto;Conducente;M;Rimandato;0;NON DECEDUTO;Non accertato;Inesploso
1943420;10;03/05/2013 18:45;Strada Urbana;VIA LEMONIA;all'intersezione con;VIA DEL QUADRARO;VIA DEL QUADRARO;;;Scontro laterale fra veicoli in marcia;Incrocio;Una carreggiata a doppio senso;Asciutto;Asfaltata;Verticale ed orizzontale;Sereno;Intenso;Buona;Ore Diurne;2;0;0;2;;;-1;2;Ciclomotore;In marcia / fermata / arresto;Passeggero;M;Rimandato;0;NON DECEDUTO;Non accertato;Inesistente
1943421;15;05/05/2013 12:00;Strada Urbana;VIADOTTO DELLA MAGLIANA;da specificare;;;;fronte Via del Cappellaccio;Veicolo in marcia contro ostacolo fisso;Curva a visuale libera;Due carreggiate;Bagnato (pioggia);Asfaltata;Verticale ed orizzontale;Pioggia in atto;Normale;Buona;Ore Diurne;0;0;0;2;;;-1;1;Autovettura privata;In marcia / fermata / arresto;Conducente;F;Illeso;0;;Utilizzato;Inesistente
1943421;15;05/05/2013 12:00;Strada Urbana;VIADOTTO DELLA MAGLIANA;da specificare;;;;fronte Via del Cappellaccio;Veicolo in marcia contro ostacolo fisso;Curva a visuale libera;Due carreggiate;Bagnato (pioggia);Asfaltata;Verticale ed orizzontale;Pioggia in atto;Normale;Buona;Ore Diurne;0;0;0;2;;;-1;1;Autovettura privata;In marcia / fermata / arresto;Passeggero;F;Illeso;0;;Utilizzato;Inesistente
1943422;11;04/05/2013 18:10;Strada Urbana;VIA DEL PORTO FLUVIALE;all'intersezione con;VIA OSTIENSE;VIA OSTIENSE;;;Scontro frontale/laterale DX fra veicoli in marcia;Incrocio;Più di due carreggiate;Asciutto;Asfaltata;Verticale ed orizzontale;Sereno;Intenso;Buona;Ore Diurne;0;0;0;3;;;-1;1;Autovettura privata;In marcia / fermata / arresto;Conducente;M;Illeso;0;;Non accertato;Inesistente
1943422;11;04/05/2013 18:10;Strada Urbana;VIA DEL PORTO FLUVIALE;all'intersezione con;VIA OSTIENSE;VIA OSTIENSE;;;Scontro frontale/laterale DX fra veicoli in marcia;Incrocio;Più di due carreggiate;Asciutto;Asfaltata;Verticale ed orizzontale;Sereno;Intenso;Buona;Ore Diurne;0;0;0;3;;;-1;1;Autovettura privata;In marcia / fermata / arresto;Passeggero;F;Illeso;0;;Non accertato;Inesistente
1943422;11;04/05/2013 18:10;Strada Urbana;VIA DEL PORTO FLUVIALE;all'intersezione con;VIA OSTIENSE;VIA OSTIENSE;;;Scontro frontale/laterale DX fra veicoli in marcia;Incrocio;Più di due carreggiate;Asciutto;Asfaltata;Verticale ed orizzontale;Sereno;Intenso;Buona;Ore Diurne;0;0;0;3;;;-1;2;Autovettura privata;In marcia / fermata / arresto;Conducente;M;Illeso;0;;Utilizzato;Inesistente
1943423;5;03/05/2013 09:25;Strada Urbana;VIA TIBURTINA;da specificare;;;;IN PROSSIMITA' VIA CASALE DI SAN BASILIO;Scontro laterale fra veicoli in marcia;Rettilineo;Una carreggiata a doppio senso;Asciutto;Asfaltata;Verticale ed orizzontale;Sereno;Intenso;Buona;Ore Diurne;0;0;0;2;;;-1;1;Autovettura privata;In marcia / fermata / arresto;Conducente;M;Illeso;0;;Non accertato;Inesploso
1943423;5;03/05/2013 09:25;Strada Urbana;VIA TIBURTINA;da specificare;;;;IN PROSSIMITA' VIA CASALE DI SAN BASILIO;Scontro laterale fra veicoli in marcia;Rettilineo;Una carreggiata a doppio senso;Asciutto;Asfaltata;Verticale ed orizzontale;Sereno;Intenso;Buona;Ore Diurne;0;0;0;2;;;-1;2;Autocarro inferiore 35 q.;In marcia / fermata / arresto;Conducente;M;Illeso;0;;Non accertato;Inesploso
1943424;15;04/05/2013 20:25;Altra strada;VIALE SALVATORE REBECCHINI;da specificare;;;;"Via Rebecchini fc 9-parcheggio ""The Space Cinema""";Scontro frontale/laterale DX fra veicoli in marcia;Curva a visuale libera;Una carreggiata a senso unico di marcia;Asciutto;Asfaltata;Verticale;Sereno;Normale;Sufficiente;Insufficiente;0;0;0;6;;;-1;1;Autovettura privata;In marcia / fermata / arresto;Passeggero;M;Illeso;0;;Utilizzato;Inesistente
1943424;15;04/05/2013 20:25;Altra strada;VIALE SALVATORE REBECCHINI;da specificare;;;;"Via Rebecchini fc 9-parcheggio ""The Space Cinema""";Scontro frontale/laterale DX fra veicoli in marcia;Curva a visuale libera;Una carreggiata a senso unico di marcia;Asciutto;Asfaltata;Verticale;Sereno;Normale;Sufficiente;Insufficiente;0;0;0;6;;;-1;1;Autovettura privata;In marcia / fermata / arresto;Conducente;M;Illeso;0;;Utilizzato;Inesistente
1943424;15;04/05/2013 20:25;Altra strada;VIALE SALVATORE REBECCHINI;da specificare;;;;"Via Rebecchini fc 9-parcheggio ""The Space Cinema""";Scontro frontale/laterale DX fra veicoli in marcia;Curva a visuale libera;Una carreggiata a senso unico di marcia;Asciutto;Asfaltata;Verticale;Sereno;Normale;Sufficiente;Insufficiente;0;0;0;6;;;-1;1;Autovettura privata;In marcia / fermata / arresto;Passeggero;F;Illeso;0;;Utilizzato;Inesistente
1943424;15;04/05/2013 20:25;Altra strada;VIALE SALVATORE REBECCHINI;da specificare;;;;"Via Rebecchini fc 9-parcheggio ""The Space Cinema""";Scontro frontale/laterale DX fra veicoli in marcia;Curva a visuale libera;Una carreggiata a senso unico di marcia;Asciutto;Asfaltata;Verticale;Sereno;Normale;Sufficiente;Insufficiente;0;0;0;6;;;-1;2;Autovettura privata;In marcia / fermata / arresto;Conducente;F;Illeso;0;;Utilizzato;Inesistente
1943424;15;04/05/2013 20:25;Altra strada;VIALE SALVATORE REBECCHINI;da specificare;;;;"Via Rebecchini fc 9-parcheggio ""The Space Cinema""";Scontro frontale/laterale DX fra veicoli in marcia;Curva a visuale libera;Una carreggiata a senso unico di marcia;Asciutto;Asfaltata;Verticale;Sereno;Normale;Sufficiente;Insufficiente;0;0;0;6;;;-1;2;Autovettura privata;In marcia / fermata / arresto;Passeggero;M;Illeso;0;;Utilizzato;Inesistente
1943424;15;04/05/2013 20:25;Altra strada;VIALE SALVATORE REBECCHINI;da specificare;;;;"Via Rebecchini fc 9-parcheggio ""The Space Cinema""";Scontro frontale/laterale DX fra veicoli in marcia;Curva a visuale libera;Una carreggiata a senso unico di marcia;Asciutto;Asfaltata;Verticale;Sereno;Normale;Sufficiente;Insufficiente;0;0;0;6;;;-1;2;Autovettura privata;In marcia / fermata / arresto;Passeggero;M;Illeso;0;;Utilizzato;Inesistente
1943425;10;04/05/2013 10:30;Strada Urbana;VIA DEL PONTE DELLE SETTE MIGLIA;all'intersezione con;VIA LEOPOLDO MICUCCI;VIA LEOPOLDO MICUCCI;;;Scontro frontale/laterale DX fra veicoli in marcia;Intersezione stradale segnalata;Una carreggiata a doppio senso;Asciutto;Asfaltata;Orizzontale;Sereno;Normale;Buona;Ore Diurne;0;0;0;2;;;-1;1;Autovettura privata;In marcia / fermata / arresto;Conducente;F;Illeso;0;;Non accertato;Esploso
1943425;10;04/05/2013 10:30;Strada Urbana;VIA DEL PONTE DELLE SETTE MIGLIA;all'intersezione con;VIA LEOPOLDO MICUCCI;VIA LEOPOLDO MICUCCI;;;Scontro frontale/laterale DX fra veicoli in marcia;Intersezione stradale segnalata;Una carreggiata a doppio senso;Asciutto;Asfaltata;Orizzontale;Sereno;Normale;Buona;Ore Diurne;0;0;0;2;;;-1;2;Autovettura privata;In marcia / fermata / arresto;Conducente;M;Illeso;0;;Non accertato;Inesploso
1943426;9;05/05/2013 13:05;Strada Urbana;VIA APPIA NUOVA;in corrispondenza;;del civico n. ;436;;Investimento di pedone;Rettilineo;Più di due carreggiate;Bagnato (pioggia);Asfaltata;Orizzontale;Pioggia in atto;Normale;Sufficiente;Ore Diurne;1;0;0;2;;;-1;;;;Pedone;F;Rimandato;0;NON DECEDUTO;;
1943426;9;05/05/2013 13:05;Strada Urbana;VIA APPIA NUOVA;in corrispondenza;;del civico n. ;436;;Investimento di pedone;Rettilineo;Più di due carreggiate;Bagnato (pioggia);Asfaltata;Orizzontale;Pioggia in atto;Normale;Sufficiente;Ore Diurne;1;0;0;2;;;-1;1;Autovettura privata;In marcia / fermata / arresto;Conducente;M;Illeso;0;;Non accertato;Inesistente
1943426;9;05/05/2013 13:05;Strada Urbana;VIA APPIA NUOVA;in corrispondenza;;del civico n. ;436;;Investimento di pedone;Rettilineo;Più di due carreggiate;Bagnato (pioggia);Asfaltata;Orizzontale;Pioggia in atto;Normale;Sufficiente;Ore Diurne;1;0;0;2;;;-1;1;Autovettura privata;In marcia / fermata / arresto;Passeggero;M;Illeso;0;;Non accertato;Inesistente
1943427;5;03/05/2013 15:10;Strada Urbana;VIA TIBURTINA;all'intersezione con;VIA LUIGI CESANA;VIA LUIGI CESANA;;;Scontro frontale/laterale DX fra veicoli in marcia;Incrocio;Due carreggiate;Asciutto;Asfaltata;Verticale ed orizzontale;Sereno;Normale;Buona;Ore Diurne;0;0;0;2;;;-1;1;Autovettura privata;In marcia / fermata / arresto;Conducente;M;Illeso;0;;Non accertato;
1943427;5;03/05/2013 15:10;Strada Urbana;VIA TIBURTINA;all'intersezione con;VIA LUIGI CESANA;VIA LUIGI CESANA;;;Scontro frontale/laterale DX fra veicoli in marcia;Incrocio;Due carreggiate;Asciutto;Asfaltata;Verticale ed orizzontale;Sereno;Normale;Buona;Ore Diurne;0;0;0;2;;;-1;2;Motociclo a solo;In marcia / fermata / arresto;Conducente;M;Illeso;0;;Non accertato;Inesistente
1943428;10;03/05/2013 20:55;Strada Urbana;VIA FLAVIO STILICONE;in prossimità;;del civico n. ;189;;Tamponamento;Rettilineo;Una carreggiata a senso unico di marcia;Asciutto;Asfaltata;Assente;Sereno;Scarso;Sufficiente;Sufficiente;0;0;0;2;;;-1;1;Autovettura privata;In marcia / fermata / arresto;Conducente;M;Illeso;0;;Utilizzato;Inesploso
1943428;10;03/05/2013 20:55;Strada Urbana;VIA FLAVIO STILICONE;in prossimità;;del civico n. ;189;;Tamponamento;Rettilineo;Una carreggiata a senso unico di marcia;Asciutto;Asfaltata;Assente;Sereno;Scarso;Sufficiente;Sufficiente;0;0;0;2;;;-1;2;Autovettura privata;In marcia / fermata / arresto;Conducente;M;Illeso;0;;Utilizzato;Inesistente
1943429;11;05/05/2013 21:50;Strada Urbana;VICOLO DELLA GARBATELLA;da specificare;;;;prossimità Piazza Pantero Pantera;Tamponamento;Rettilineo;Una carreggiata a senso unico di marcia;Asciutto;Asfaltata;Verticale ed orizzontale;Sereno;Scarso;Buona;Sufficiente;2;0;0;1;;;-1;1;Autovettura privata;In marcia / fermata / arresto;Conducente;M;Rimandato;0;NON DECEDUTO;Non accertato;Inesploso
1943429;11;05/05/2013 21:50;Strada Urbana;VICOLO DELLA GARBATELLA;da specificare;;;;prossimità Piazza Pantero Pantera;Tamponamento;Rettilineo;Una carreggiata a senso unico di marcia;Asciutto;Asfaltata;Verticale ed orizzontale;Sereno;Scarso;Buona;Sufficiente;2;0;0;1;;;-1;1;Autovettura privata;In marcia / fermata / arresto;Passeggero;F;Rimandato;0;NON DECEDUTO;Non accertato;Inesploso
1943429;11;05/05/2013 21:50;Strada Urbana;VICOLO DELLA GARBATELLA;da specificare;;;;prossimità Piazza Pantero Pantera;Tamponamento;Rettilineo;Una carreggiata a senso unico di marcia;Asciutto;Asfaltata;Verticale ed orizzontale;Sereno;Scarso;Buona;Sufficiente;2;0;0;1;;;-1;2;Autovettura privata;In marcia / fermata / arresto;Conducente;M;Illeso;0;;Non accertato;Inesistente
1943430;10;04/05/2013 18:00;Strada Urbana;VIA TUSCOLANA;in prossimità;;del civico n. ;885;;Tamponamento;Rettilineo;Una carreggiata a senso unico di marcia;Asciutto;Asfaltata;Orizzontale;Sereno;Scarso;Buona;Ore Diurne;0;0;0;3;;;-1;1;Autovettura privata;In marcia / fermata / arresto;Conducente;M;Illeso;0;;Utilizzato;Inesistente
1943430;10;04/05/2013 18:00;Strada Urbana;VIA TUSCOLANA;in prossimità;;del civico n. ;885;;Tamponamento;Rettilineo;Una carreggiata a senso unico di marcia;Asciutto;Asfaltata;Orizzontale;Sereno;Scarso;Buona;Ore Diurne;0;0;0;3;;;-1;1;Autovettura privata;In marcia / fermata / arresto;Passeggero;F;Illeso;0;;Non accertato;Inesistente
1943430;10;04/05/2013 18:00;Strada Urbana;VIA TUSCOLANA;in prossimità;;del civico n. ;885;;Tamponamento;Rettilineo;Una carreggiata a senso unico di marcia;Asciutto;Asfaltata;Orizzontale;Sereno;Scarso;Buona;Ore Diurne;0;0;0;3;;;-1;2;Autovettura privata;In marcia / fermata / arresto;Conducente;M;Illeso;0;;Utilizzato;Inesploso
1943431;8;05/05/2013 09:35;Statale entro l'abitato;VIA CASILINA;all'intersezione con;VIA DELLA FATTORIA DI TORRENOVA;VIA DELLA FATTORIA DI TORRENOVA;;;Veicolo in marcia contro ostacolo accidentale;Rotatoria;Una carreggiata a senso unico di marcia;Bagnato (pioggia);Asfaltata;Verticale ed orizzontale;Pioggia in atto;Normale;Buona;Ore Diurne;1;0;0;0;;;-1;1;Motociclo a solo;In marcia / fermata / arresto;Conducente;M;Rimandato;0;NON DECEDUTO;Non accertato;Inesistente
1943432;10;03/05/2013 23:20;Strada Urbana;VIALE PALMIRO TOGLIATTI;in corrispondenza;;del civico n. ;786;;Infortunio per caduta del veicolo;Rettilineo;Due carreggiate;Bagnato (pioggia);Asfaltata;Orizzontale;Nuvoloso;Scarso;Sufficiente;Sufficiente;1;0;0;0;;;-1;1;Motociclo a solo;In marcia / fermata / arresto;Conducente;F;Rimandato;0;NON DECEDUTO;Non accertato;Inesistente
1943433;10;04/05/2013 19:15;Strada Urbana;VIALE BRUNO RIZZIERI;in corrispondenza;;del civico n. ;199;;Scontro frontale/laterale SX fra veicoli in marcia;Rettilineo;Due carreggiate;Asciutto;Asfaltata;Verticale ed orizzontale;Sereno;Normale;Buona;Ore Diurne;1;0;0;1;;;-1;1;Motociclo con passeggero;In marcia / fermata / arresto;Conducente;M;Rimandato;0;NON DECEDUTO;Non accertato;Inesploso
1943433;10;04/05/2013 19:15;Strada Urbana;VIALE BRUNO RIZZIERI;in corrispondenza;;del civico n. ;199;;Scontro frontale/laterale SX fra veicoli in marcia;Rettilineo;Due carreggiate;Asciutto;Asfaltata;Verticale ed orizzontale;Sereno;Normale;Buona;Ore Diurne;1;0;0;1;;;-1;2;Autovettura privata;In marcia / fermata / arresto;Conducente;F;Illeso;0;;Non utilizzato;Inesploso
1943434;8;05/05/2013 10:30;Strada Urbana;VIALE DUILIO CAMBELLOTTI;da specificare;;;;in prossimità cavalcavia Metro C;Veicolo in marcia contro ostacolo fisso;Curva a visuale libera;Due carreggiate;Bagnato (pioggia);Asfaltata;Verticale ed orizzontale;Nuvoloso;Normale;Buona;Ore Diurne;0;0;0;1;;;-1;1;Autovettura privata;In marcia / fermata / arresto;Conducente;M;Illeso;0;;Non accertato;Inesploso
1943435;5;03/05/2013 17:15;Strada Urbana;VIA DI PIETRALATA;in prossimità;;del civico n. ;394;;Investimento di pedone;Rettilineo;Una carreggiata a doppio senso;Asciutto;Asfaltata;Verticale ed orizzontale;Sereno;Scarso;Buona;Ore Diurne;1;0;0;1;;;-1;;;;Pedone;F;Rimandato;0;NON DECEDUTO;;
1943435;5;03/05/2013 17:15;Strada Urbana;VIA DI PIETRALATA;in prossimità;;del civico n. ;394;;Investimento di pedone;Rettilineo;Una carreggiata a doppio senso;Asciutto;Asfaltata;Verticale ed orizzontale;Sereno;Scarso;Buona;Ore Diurne;1;0;0;1;;;-1;1;Motociclo a solo;In marcia / fermata / arresto;Conducente;M;Illeso;0;;Non accertato;Inesistente
1943436;8;05/05/2013 12:20;Strada Urbana;VIA NICOLA SALIOLA;da specificare;;;;ALL'INTERSEZIONE CON VIA RAOUL CHIODELLI;Scontro frontale/laterale SX fra veicoli in marcia;Rettilineo;Una carreggiata a doppio senso;Bagnato (umidità in atto);Asfaltata;Verticale ed orizzontale;Nuvoloso;Scarso;Buona;Ore Diurne;0;0;0;2;;;-1;1;Autocarro inferiore 35 q.;In marcia / fermata / arresto;Conducente;M;Illeso;0;;Non accertato;Inesploso
1943436;8;05/05/2013 12:20;Strada Urbana;VIA NICOLA SALIOLA;da specificare;;;;ALL'INTERSEZIONE CON VIA RAOUL CHIODELLI;Scontro frontale/laterale SX fra veicoli in marcia;Rettilineo;Una carreggiata a doppio senso;Bagnato (umidità in atto);Asfaltata;Verticale ed orizzontale;Nuvoloso;Scarso;Buona;Ore Diurne;0;0;0;2;;;-1;2;Autovettura privata;In marcia / fermata / arresto;Conducente;M;Illeso;0;;Non accertato;Inesploso