Protocollo;Gruppo;DataOraIncidente;Localizzazione1;STRADA1;Localizzazione2;STRADA2;Strada02;Chilometrica;DaSpecificare;NaturaIncidente;particolaritastrade;TipoStrada;FondoStradale;Pavimentazione;Segnaletica;CondizioneAtmosferica;Traffico;Visibilita;Illuminazione;NUM_FERITI;NUM_RISERVATA;NUM_MORTI;NUM_ILLESI;Longitudine;Latitudine;Confermato;Progressivo;TipoVeicolo;StatoVeicolo;TipoPersona;Sesso;Tipolesione;Deceduto;DecedutoDopo;CinturaCascoUtilizzato;Airbag
1944834;16;15/05/2013 09:20;Strada Urbana;VIALE DEI COLLI PORTUENSI;da specificare;;;;PROSSIMITA' V. MONTEVERDE;Veicolo in marcia contro ostacolo fisso;Rettilineo;Due carreggiate;Asciutto;Asfaltata;Verticale ed orizzontale;Sereno;Normale;Buona;Ore Diurne;0;0;0;1;;;-1;1;Autobus urbano;In marcia / fermata / arresto;Conducente;M;Illeso;0;;Non accertato;Inesistente
1944835;19;18/05/2013 14:50;Strada Urbana;VIA COGOLETO;all'intersezione con;VIA FRANCESCO MARCONI;VIA FRANCESCO MARCONI;;;Scontro laterale fra veicoli in marcia;Incrocio;Una carreggiata a doppio senso;Bagnato (pioggia);Asfaltata;Verticale ed orizzontale;Pioggia in atto;Normale;Buona;Ore Diurne;1;0;0;1;;;-1;1;Motociclo a solo;In marcia / fermata / arresto;Conducente;F;Rimandato;0;NON DECEDUTO;Non accertato;Inesistente
1944835;19;18/05/2013 14:50;Strada Urbana;VIA COGOLETO;all'intersezione con;VIA FRANCESCO MARCONI;VIA FRANCESCO MARCONI;;;Scontro laterale fra veicoli in marcia;Incrocio;Una carreggiata a doppio senso;Bagnato (pioggia);Asfaltata;Verticale ed orizzontale;Pioggia in atto;Normale;Buona;Ore Diurne;1;0;0;1;;;-1;2;Autovettura privata;In marcia / fermata / arresto;Conducente;M;Illeso;0;;Non accertato;Inesistente
1944836;19;19/05/2013 02:30;Strada Urbana;VIA TOMMASO ZIGLIARA;da specificare;;;;pross. fronte civico 51;Scontro frontale/laterale SX fra veicoli in marcia;Rettilineo;Una carreggiata a doppio senso;Asciutto;Asfaltata;Orizzontale;Sereno;Scarso;Buona;Sufficiente;0;0;0;3;;;-1;1;Autovettura privata;In marcia / fermata / arresto;Conducente;F;Illeso;0;;Non accertato;Inesploso
1944836;19;19/05/2013 02:30;Strada Urbana;VIA TOMMASO ZIGLIARA;da specificare;;;;pross. fronte civico 51;Scontro frontale/laterale SX fra veicoli in marcia;Rettilineo;Una carreggiata a doppio senso;Asciutto;Asfaltata;Orizzontale;Sereno;Scarso;Buona;Sufficiente;0;0;0;3;;;-1;2;Autovettura privata;In marcia / fermata / arresto;Conducente;M;Illeso;0;;Non accertato;Inesistente
1944836;19;19/05/2013 02:30;Strada Urbana;VIA TOMMASO ZIGLIARA;da specificare;;;;pross. fronte civico 51;Scontro frontale/laterale SX fra veicoli in marcia;Rettilineo;Una carreggiata a doppio senso;Asciutto;Asfaltata;Orizzontale;Sereno;Scarso;Buona;Sufficiente;0;0;0;3;;;-1;2;Autovettura privata;In marcia / fermata / arresto;Passeggero;;Illeso;0;;Non accertato;Inesploso
1944837;20;19/05/2013 20:00;Provinciale entro l'abitato;VIA BRACCIANENSE;in corrispondenza;;del civico n. ;250;;Tamponamento;Curva senza visuale libera;Una carreggiata a doppio senso;Asciutto;Asfaltata;Verticale ed orizzontale;Sereno;Normale;Sufficiente;Ore Diurne;0;0;0;5;;;-1;1;Autovettura privata;In marcia / fermata / arresto;Conducente;M;Illeso;0;;Non accertato;Inesistente
1944837;20;19/05/2013 20:00;Provinciale entro l'abitato;VIA BRACCIANENSE;in corrispondenza;;del civico n. ;250;;Tamponamento;Curva senza visuale libera;Una carreggiata a doppio senso;Asciutto;Asfaltata;Verticale ed orizzontale;Sereno;Normale;Sufficiente;Ore Diurne;0;0;0;5;;;-1;1;Autovettura privata;In marcia / fermata / arresto;Passeggero;F;Illeso;0;;Non accertato;Inesistente
1944837;20;19/05/2013 20:00;Provinciale entro l'abitato;VIA BRACCIANENSE;in corrispondenza;;del civico n. ;250;;Tamponamento;Curva senza visuale libera;Una carreggiata a doppio senso;Asciutto;Asfaltata;Verticale ed orizzontale;Sereno;Normale;Sufficiente;Ore Diurne;0;0;0;5;;;-1;2;Autovettura di polizia;In marcia / fermata / arresto;Conducente;M;Illeso;0;;Non accertato;Inesistente
1944837;20;19/05/2013 20:00;Provinciale entro l'abitato;VIA BRACCIANENSE;in corrispondenza;;del civico n. ;250;;Tamponamento;Curva senza visuale libera;Una carreggiata a doppio senso;Asciutto;Asfaltata;Verticale ed orizzontale;Sereno;Normale;Sufficiente;Ore Diurne;0;0;0;5;;;-1;2;Autovettura di polizia;In marcia / fermata / arresto;Passeggero;M;Illeso;0;;Non accertato;Inesistente
1944838;23;19/05/2013 16:15;Comunale extraurbana;VIA CRISTOFORO COLOMBO;in prossimità;;della chilometrica ;18,3;;Tamponamento Multiplo;Rettilineo;Più di due carreggiate;Asciutto;Asfaltata;Verticale ed orizzontale;Sereno;Scarso;Buona;Ore Diurne;4;0;0;8;;;-1;1;Autovettura privata;In marcia / fermata / arresto;Conducente;M;Illeso;0;;Utilizzato;Inesistente
1944838;23;19/05/2013 16:15;Comunale extraurbana;VIA CRISTOFORO COLOMBO;in prossimità;;della chilometrica ;18,3;;Tamponamento Multiplo;Rettilineo;Più di due carreggiate;Asciutto;Asfaltata;Verticale ed orizzontale;Sereno;Scarso;Buona;Ore Diurne;4;0;0;8;;;-1;1;Autovettura privata;In marcia / fermata / arresto;Passeggero;F;Illeso;0;;Utilizzato;Inesistente
1944838;23;19/05/2013 16:15;Comunale extraurbana;VIA CRISTOFORO COLOMBO;in prossimità;;della chilometrica ;18,3;;Tamponamento Multiplo;Rettilineo;Più di due carreggiate;Asciutto;Asfaltata;Verticale ed orizzontale;Sereno;Scarso;Buona;Ore Diurne;4;0;0;8;;;-1;1;Autovettura privata;In marcia / fermata / arresto;Passeggero;F;Illeso;0;;Utilizzato;Inesistente
1944838;23;19/05/2013 16:15;Comunale extraurbana;VIA CRISTOFORO COLOMBO;in prossimità;;della chilometrica ;18,3;;Tamponamento Multiplo;Rettilineo;Più di due carreggiate;Asciutto;Asfaltata;Verticale ed orizzontale;Sereno;Scarso;Buona;Ore Diurne;4;0;0;8;;;-1;1;Autovettura privata;In marcia / fermata / arresto;Passeggero;M;Illeso;0;;Utilizzato;Inesistente
1944838;23;19/05/2013 16:15;Comunale extraurbana;VIA CRISTOFORO COLOMBO;in prossimità;;della chilometrica ;18,3;;Tamponamento Multiplo;Rettilineo;Più di due carreggiate;Asciutto;Asfaltata;Verticale ed orizzontale;Sereno;Scarso;Buona;Ore Diurne;4;0;0;8;;;-1;1;Autovettura privata;In marcia / fermata / arresto;Passeggero;M;Illeso;0;;Utilizzato;Inesistente
1944838;23;19/05/2013 16:15;Comunale extraurbana;VIA CRISTOFORO COLOMBO;in prossimità;;della chilometrica ;18,3;;Tamponamento Multiplo;Rettilineo;Più di due carreggiate;Asciutto;Asfaltata;Verticale ed orizzontale;Sereno;Scarso;Buona;Ore Diurne;4;0;0;8;;;-1;2;Autovettura privata;In marcia / fermata / arresto;Conducente;M;Illeso;0;;Utilizzato;Inesistente
1944838;23;19/05/2013 16:15;Comunale extraurbana;VIA CRISTOFORO COLOMBO;in prossimità;;della chilometrica ;18,3;;Tamponamento Multiplo;Rettilineo;Più di due carreggiate;Asciutto;Asfaltata;Verticale ed orizzontale;Sereno;Scarso;Buona;Ore Diurne;4;0;0;8;;;-1;2;Autovettura privata;In marcia / fermata / arresto;Passeggero;F;Illeso;0;;Utilizzato;Inesistente
1944838;23;19/05/2013 16:15;Comunale extraurbana;VIA CRISTOFORO COLOMBO;in prossimità;;della chilometrica ;18,3;;Tamponamento Multiplo;Rettilineo;Più di due carreggiate;Asciutto;Asfaltata;Verticale ed orizzontale;Sereno;Scarso;Buona;Ore Diurne;4;0;0;8;;;-1;3;Autovettura privata;In marcia / fermata / arresto;Conducente;F;Rifiuta cure immediate;0;NON DECEDUTO;Utilizzato;Inesistente
1944838;23;19/05/2013 16:15;Comunale extraurbana;VIA CRISTOFORO COLOMBO;in prossimità;;della chilometrica ;18,3;;Tamponamento Multiplo;Rettilineo;Più di due carreggiate;Asciutto;Asfaltata;Verticale ed orizzontale;Sereno;Scarso;Buona;Ore Diurne;4;0;0;8;;;-1;3;Autovettura privata;In marcia / fermata / arresto;Passeggero;F;Rifiuta cure immediate;0;NON DECEDUTO;Utilizzato;Inesistente
1944838;23;19/05/2013 16:15;Comunale extraurbana;VIA CRISTOFORO COLOMBO;in prossimità;;della chilometrica ;18,3;;Tamponamento Multiplo;Rettilineo;Più di due carreggiate;Asciutto;Asfaltata;Verticale ed orizzontale;Sereno;Scarso;Buona;Ore Diurne;4;0;0;8;;;-1;4;Autovettura privata;In marcia / fermata / arresto;Conducente;F;Illeso;0;;Utilizzato;Inesistente
1944838;23;19/05/2013 16:15;Comunale extraurbana;VIA CRISTOFORO COLOMBO;in prossimità;;della chilometrica ;18,3;;Tamponamento Multiplo;Rettilineo;Più di due carreggiate;Asciutto;Asfaltata;Verticale ed orizzontale;Sereno;Scarso;Buona;Ore Diurne;4;0;0;8;;;-1;4;Autovettura privata;In marcia / fermata / arresto;Passeggero;M;Rifiuta cure immediate;0;NON DECEDUTO;Utilizzato;Inesistente
1944838;23;19/05/2013 16:15;Comunale extraurbana;VIA CRISTOFORO COLOMBO;in prossimità;;della chilometrica ;18,3;;Tamponamento Multiplo;Rettilineo;Più di due carreggiate;Asciutto;Asfaltata;Verticale ed orizzontale;Sereno;Scarso;Buona;Ore Diurne;4;0;0;8;;;-1;4;Autovettura privata;In marcia / fermata / arresto;Passeggero;F;Rifiuta cure immediate;0;NON DECEDUTO;Utilizzato;Inesistente
1944839;2;17/05/2013 15:35;Strada Urbana;VIA TRIPOLI;all'intersezione con;VIA TEMBIEN;VIA TEMBIEN;;;Scontro frontale/laterale DX fra veicoli in marcia;Incrocio;Una carreggiata a doppio senso;Asciutto;Asfaltata;Verticale ed orizzontale;Sereno;Normale;Buona;Ore Diurne;0;0;0;2;;;-1;1;Autovettura privata;In marcia / fermata / arresto;Conducente;F;Illeso;0;;Non accertato;Inesistente
1944839;2;17/05/2013 15:35;Strada Urbana;VIA TRIPOLI;all'intersezione con;VIA TEMBIEN;VIA TEMBIEN;;;Scontro frontale/laterale DX fra veicoli in marcia;Incrocio;Una carreggiata a doppio senso;Asciutto;Asfaltata;Verticale ed orizzontale;Sereno;Normale;Buona;Ore Diurne;0;0;0;2;;;-1;2;Autovettura privata;In marcia / fermata / arresto;Conducente;M;Illeso;0;;Non accertato;Inesistente
1944840;19;18/05/2013 14:30;Strada Urbana;VIA SANGEMINI;in prossimità;;del civico n. ;15;;Scontro laterale fra veicoli in marcia;Rettilineo;Una carreggiata a senso unico di marcia;Bagnato (umidità in atto);Asfaltata;Verticale ed orizzontale;Nuvoloso;Scarso;Buona;Ore Diurne;0;0;0;3;;;-1;1;Autovettura privata;In marcia / fermata / arresto;Conducente;F;Illeso;0;;Non accertato;Inesistente
1944840;19;18/05/2013 14:30;Strada Urbana;VIA SANGEMINI;in prossimità;;del civico n. ;15;;Scontro laterale fra veicoli in marcia;Rettilineo;Una carreggiata a senso unico di marcia;Bagnato (umidità in atto);Asfaltata;Verticale ed orizzontale;Nuvoloso;Scarso;Buona;Ore Diurne;0;0;0;3;;;-1;1;Autovettura privata;In marcia / fermata / arresto;Passeggero;M;Illeso;0;;Non accertato;Inesistente
1944840;19;18/05/2013 14:30;Strada Urbana;VIA SANGEMINI;in prossimità;;del civico n. ;15;;Scontro laterale fra veicoli in marcia;Rettilineo;Una carreggiata a senso unico di marcia;Bagnato (umidità in atto);Asfaltata;Verticale ed orizzontale;Nuvoloso;Scarso;Buona;Ore Diurne;0;0;0;3;;;-1;2;Autovettura privata;In marcia / fermata / arresto;Conducente;F;Illeso;0;;Non accertato;Inesistente
1944841;1;19/05/2013 16:25;Strada Urbana;VIA SALLUSTIANA;all'intersezione con;VIA PIEMONTE;VIA PIEMONTE;;;Scontro frontale/laterale DX fra veicoli in marcia;Incrocio;Due carreggiate;Asciutto;Asfaltata;Verticale ed orizzontale;Sereno;Scarso;Buona;Ore Diurne;5;0;0;0;;;-1;1;Autovettura privata;In marcia / fermata / arresto;Conducente;M;Rimandato;0;NON DECEDUTO;Non accertato;
1944841;1;19/05/2013 16:25;Strada Urbana;VIA SALLUSTIANA;all'intersezione con;VIA PIEMONTE;VIA PIEMONTE;;;Scontro frontale/laterale DX fra veicoli in marcia;Incrocio;Due carreggiate;Asciutto;Asfaltata;Verticale ed orizzontale;Sereno;Scarso;Buona;Ore Diurne;5;0;0;0;;;-1;1;Autovettura privata;In marcia / fermata / arresto;Passeggero;;Rimandato;0;NON DECEDUTO;Non accertato;
1944841;1;19/05/2013 16:25;Strada Urbana;VIA SALLUSTIANA;all'intersezione con;VIA PIEMONTE;VIA PIEMONTE;;;Scontro frontale/laterale DX fra veicoli in marcia;Incrocio;Due carreggiate;Asciutto;Asfaltata;Verticale ed orizzontale;Sereno;Scarso;Buona;Ore Diurne;5;0;0;0;;;-1;1;Autovettura privata;In marcia / fermata / arresto;Passeggero;F;Rimandato;0;NON DECEDUTO;Non accertato;Inesistente
1944841;1;19/05/2013 16:25;Strada Urbana;VIA SALLUSTIANA;all'intersezione con;VIA PIEMONTE;VIA PIEMONTE;;;Scontro frontale/laterale DX fra veicoli in marcia;Incrocio;Due carreggiate;Asciutto;Asfaltata;Verticale ed orizzontale;Sereno;Scarso;Buona;Ore Diurne;5;0;0;0;;;-1;1;Autovettura privata;In marcia / fermata / arresto;Passeggero;F;Rimandato;0;NON DECEDUTO;Non accertato;Inesistente
1944841;1;19/05/2013 16:25;Strada Urbana;VIA SALLUSTIANA;all'intersezione con;VIA PIEMONTE;VIA PIEMONTE;;;Scontro frontale/laterale DX fra veicoli in marcia;Incrocio;Due carreggiate;Asciutto;Asfaltata;Verticale ed orizzontale;Sereno;Scarso;Buona;Ore Diurne;5;0;0;0;;;-1;2;Autovettura privata;In marcia / fermata / arresto;Conducente;F;Ricoverato;0;NON DECEDUTO;Non accertato;Inesistente
1944842;16;16/05/2013 09:00;Strada Urbana;CIRCONVALLAZIONE GIANICOLENSE;all'intersezione semaforizzata con;VIA QUIRINO MAJORANA;VIA QUIRINO MAJORANA;;;Infortunio per sola frenata improvvisa;Intersezione semaforizzata;Una carreggiata a senso unico di marcia;Bagnato (pioggia);Asfaltata;Verticale ed orizzontale;Pioggia in atto;Normale;Buona;Ore Diurne;2;0;0;0;;;-1;;;;Pedone;M;Rimandato;0;NON DECEDUTO;;
1944842;16;16/05/2013 09:00;Strada Urbana;CIRCONVALLAZIONE GIANICOLENSE;all'intersezione semaforizzata con;VIA QUIRINO MAJORANA;VIA QUIRINO MAJORANA;;;Infortunio per sola frenata improvvisa;Intersezione semaforizzata;Una carreggiata a senso unico di marcia;Bagnato (pioggia);Asfaltata;Verticale ed orizzontale;Pioggia in atto;Normale;Buona;Ore Diurne;2;0;0;0;;;-1;1;Motociclo a solo;In marcia / fermata / arresto;Conducente;F;Rimandato;0;NON DECEDUTO;Non accertato;Inesistente
1944843;19;19/05/2013 16:35;Strada Urbana;PIAZZALE DELLE MEDAGLIE D'ORO;all'intersezione con;VIA ALBERTO CADLOLO;VIA ALBERTO CADLOLO;;;Scontro frontale/laterale SX fra veicoli in marcia;Incrocio;Una carreggiata a doppio senso;Asciutto;Asfaltata;Verticale ed orizzontale;Sereno;Scarso;Buona;Ore Diurne;0;0;0;7;;;-1;1;Autovettura privata;In marcia / fermata / arresto;Conducente;M;Illeso;0;;Non accertato;Inesistente
1944843;19;19/05/2013 16:35;Strada Urbana;PIAZZALE DELLE MEDAGLIE D'ORO;all'intersezione con;VIA ALBERTO CADLOLO;VIA ALBERTO CADLOLO;;;Scontro frontale/laterale SX fra veicoli in marcia;Incrocio;Una carreggiata a doppio senso;Asciutto;Asfaltata;Verticale ed orizzontale;Sereno;Scarso;Buona;Ore Diurne;0;0;0;7;;;-1;1;Autovettura privata;In marcia / fermata / arresto;Passeggero;F;Illeso;0;;Non accertato;Inesistente
1944843;19;19/05/2013 16:35;Strada Urbana;PIAZZALE DELLE MEDAGLIE D'ORO;all'intersezione con;VIA ALBERTO CADLOLO;VIA ALBERTO CADLOLO;;;Scontro frontale/laterale SX fra veicoli in marcia;Incrocio;Una carreggiata a doppio senso;Asciutto;Asfaltata;Verticale ed orizzontale;Sereno;Scarso;Buona;Ore Diurne;0;0;0;7;;;-1;1;Autovettura privata;In marcia / fermata / arresto;Passeggero;F;Illeso;0;;Non accertato;Inesistente
1944843;19;19/05/2013 16:35;Strada Urbana;PIAZZALE DELLE MEDAGLIE D'ORO;all'intersezione con;VIA ALBERTO CADLOLO;VIA ALBERTO CADLOLO;;;Scontro frontale/laterale SX fra veicoli in marcia;Incrocio;Una carreggiata a doppio senso;Asciutto;Asfaltata;Verticale ed orizzontale;Sereno;Scarso;Buona;Ore Diurne;0;0;0;7;;;-1;2;Autovettura privata;In marcia / fermata / arresto;Conducente;M;Illeso;0;;Non accertato;Inesistente
1944843;19;19/05/2013 16:35;Strada Urbana;PIAZZALE DELLE MEDAGLIE D'ORO;all'intersezione con;VIA ALBERTO CADLOLO;VIA ALBERTO CADLOLO;;;Scontro frontale/laterale SX fra veicoli in marcia;Incrocio;Una carreggiata a doppio senso;Asciutto;Asfaltata;Verticale ed orizzontale;Sereno;Scarso;Buona;Ore Diurne;0;0;0;7;;;-1;2;Autovettura privata;In marcia / fermata / arresto;Passeggero;F;Illeso;0;;Non accertato;Inesistente
1944843;19;19/05/2013 16:35;Strada Urbana;PIAZZALE DELLE MEDAGLIE D'ORO;all'intersezione con;VIA ALBERTO CADLOLO;VIA ALBERTO CADLOLO;;;Scontro frontale/laterale SX fra veicoli in marcia;Incrocio;Una carreggiata a doppio senso;Asciutto;Asfaltata;Verticale ed orizzontale;Sereno;Scarso;Buona;Ore Diurne;0;0;0;7;;;-1;2;Autovettura privata;In marcia / fermata / arresto;Passeggero;F;Illeso;0;;Non accertato;Inesistente
1944843;19;19/05/2013 16:35;Strada Urbana;PIAZZALE DELLE MEDAGLIE D'ORO;all'intersezione con;VIA ALBERTO CADLOLO;VIA ALBERTO CADLOLO;;;Scontro frontale/laterale SX fra veicoli in marcia;Incrocio;Una carreggiata a doppio senso;Asciutto;Asfaltata;Verticale ed orizzontale;Sereno;Scarso;Buona;Ore Diurne;0;0;0;7;;;-1;2;Autovettura privata;In marcia / fermata / arresto;Passeggero;M;Illeso;0;;Non accertato;Inesistente
1944844;12;18/05/2013 18:10;Strada Urbana;VIALE BEETHOVEN;all'intersezione con;VIALE DELL'ASTRONOMIA;VIALE DELL'ASTRONOMIA;;;Scontro frontale/laterale SX fra veicoli in marcia;Incrocio;Una carreggiata a doppio senso;Asciutto;Asfaltata;Verticale ed orizzontale;Sereno;Normale;Buona;Ore Diurne;2;0;0;0;;;-1;1;Autovettura privata;In marcia / fermata / arresto;Conducente;F;Rimandato;0;NON DECEDUTO;Non accertato;Inesploso
1944844;12;18/05/2013 18:10;Strada Urbana;VIALE BEETHOVEN;all'intersezione con;VIALE DELL'ASTRONOMIA;VIALE DELL'ASTRONOMIA;;;Scontro frontale/laterale SX fra veicoli in marcia;Incrocio;Una carreggiata a doppio senso;Asciutto;Asfaltata;Verticale ed orizzontale;Sereno;Normale;Buona;Ore Diurne;2;0;0;0;;;-1;2;Motociclo a solo;In marcia / fermata / arresto;Conducente;M;Ricoverato;0;NON DECEDUTO;Utilizzato;Inesistente
1944845;2;18/05/2013 09:55;Strada Urbana;VIALE GIOACCHINO ROSSINI;all'intersezione semaforizzata con;VIA GIOVANNI PAISIELLO;VIA GIOVANNI PAISIELLO;;;Veicolo in marcia contro ostacolo fisso;Incrocio;Una carreggiata a doppio senso;Asciutto;Asfaltata;Verticale ed orizzontale;Sereno;Normale;Buona;Ore Diurne;0;1;0;0;;;-1;1;Motociclo a solo;In marcia / fermata / arresto;Conducente;M;Prognosi riservata;0;NON DECEDUTO;Non accertato;Inesistente
1944846;4;17/05/2013 13:00;Strada Urbana;VIA DI VALLE MELAINA;all'intersezione semaforizzata con;VIA DEL GRAN PARADISO;VIA DEL GRAN PARADISO;;;Scontro frontale/laterale DX fra veicoli in marcia;Intersezione semaforizzata;Due carreggiate;Asciutto;Asfaltata;Verticale ed orizzontale;Nuvoloso;Normale;Buona;Ore Diurne;0;0;0;4;;;-1;1;Autovettura privata;In marcia / fermata / arresto;Conducente;M;Illeso;0;;Non accertato;Inesistente
1944846;4;17/05/2013 13:00;Strada Urbana;VIA DI VALLE MELAINA;all'intersezione semaforizzata con;VIA DEL GRAN PARADISO;VIA DEL GRAN PARADISO;;;Scontro frontale/laterale DX fra veicoli in marcia;Intersezione semaforizzata;Due carreggiate;Asciutto;Asfaltata;Verticale ed orizzontale;Nuvoloso;Normale;Buona;Ore Diurne;0;0;0;4;;;-1;1;Autovettura privata;In marcia / fermata / arresto;Passeggero;F;Illeso;0;;Non accertato;Inesistente
1944846;4;17/05/2013 13:00;Strada Urbana;VIA DI VALLE MELAINA;all'intersezione semaforizzata con;VIA DEL GRAN PARADISO;VIA DEL GRAN PARADISO;;;Scontro frontale/laterale DX fra veicoli in marcia;Intersezione semaforizzata;Due carreggiate;Asciutto;Asfaltata;Verticale ed orizzontale;Nuvoloso;Normale;Buona;Ore Diurne;0;0;0;4;;;-1;2;Autovettura privata;In marcia / fermata / arresto;Conducente;F;Illeso;0;;Non accertato;Inesistente
1944846;4;17/05/2013 13:00;Strada Urbana;VIA DI VALLE MELAINA;all'intersezione semaforizzata con;VIA DEL GRAN PARADISO;VIA DEL GRAN PARADISO;;;Scontro frontale/laterale DX fra veicoli in marcia;Intersezione semaforizzata;Due carreggiate;Asciutto;Asfaltata;Verticale ed orizzontale;Nuvoloso;Normale;Buona;Ore Diurne;0;0;0;4;;;-1;2;Autovettura privata;In marcia / fermata / arresto;Passeggero;M;Illeso;0;;Non accertato;Inesistente
1944847;16;16/05/2013 11:00;Strada Urbana;VIA DI BRAVETTA;all'intersezione con;VIA DELLA PISANA;VIA DELLA PISANA;;;Scontro frontale/laterale DX fra veicoli in marcia;Incrocio;Una carreggiata a doppio senso;Bagnato (pioggia);Asfaltata;Verticale ed orizzontale;Pioggia in atto;Normale;Sufficiente;Ore Diurne;1;0;0;1;;;-1;1;Autovettura privata;In marcia / fermata / arresto;Conducente;F;Illeso;0;;Non accertato;Inesistente
1944847;16;16/05/2013 11:00;Strada Urbana;VIA DI BRAVETTA;all'intersezione con;VIA DELLA PISANA;VIA DELLA PISANA;;;Scontro frontale/laterale DX fra veicoli in marcia;Incrocio;Una carreggiata a doppio senso;Bagnato (pioggia);Asfaltata;Verticale ed orizzontale;Pioggia in atto;Normale;Sufficiente;Ore Diurne;1;0;0;1;;;-1;2;Motociclo a solo;In marcia / fermata / arresto;Conducente;M;Rimandato;0;NON DECEDUTO;Non accertato;Inesistente
1944848;3;17/05/2013 15:45;Strada Urbana;VIA NOMENTANA;da specificare;;;;IN PROSS. FRONTE CIV. 315;Infortunio per sola frenata improvvisa;Rettilineo;Più di due carreggiate;Asciutto;Asfaltata;Orizzontale;Sereno;Normale;Buona;Ore Diurne;1;0;0;0;;;-1;1;Ciclomotore;In marcia / fermata / arresto;Conducente;M;Rimandato;0;NON DECEDUTO;Utilizzato;Inesistente
1944849;20;19/05/2013 02:40;Strada Urbana;VIA DELLA PALMAROLA;in corrispondenza;;del civico n. ;42;;Scontro frontale/laterale SX fra veicoli in marcia;Rettilineo;Una carreggiata a doppio senso;Asciutto;Asfaltata;Verticale ed orizzontale;Sereno;Scarso;Sufficiente;Sufficiente;0;0;0;3;;;-1;1;Autovettura privata;In marcia / fermata / arresto;Conducente;M;Illeso;0;;Non accertato;Inesistente
1944849;20;19/05/2013 02:40;Strada Urbana;VIA DELLA PALMAROLA;in corrispondenza;;del civico n. ;42;;Scontro frontale/laterale SX fra veicoli in marcia;Rettilineo;Una carreggiata a doppio senso;Asciutto;Asfaltata;Verticale ed orizzontale;Sereno;Scarso;Sufficiente;Sufficiente;0;0;0;3;;;-1;2;Autoveicolo trasp.promisc.;In marcia / fermata / arresto;Conducente;M;Illeso;0;;Non accertato;Inesploso
1944849;20;19/05/2013 02:40;Strada Urbana;VIA DELLA PALMAROLA;in corrispondenza;;del civico n. ;42;;Scontro frontale/laterale SX fra veicoli in marcia;Rettilineo;Una carreggiata a doppio senso;Asciutto;Asfaltata;Verticale ed orizzontale;Sereno;Scarso;Sufficiente;Sufficiente;0;0;0;3;;;-1;2;Autoveicolo trasp.promisc.;In marcia / fermata / arresto;Passeggero;F;Illeso;0;;Non accertato;Inesistente
1944850;4;17/05/2013 09:10;Strada Urbana;VIA DARIO NICCODEMI;all'intersezione con;VIA OLINDO GUERRINI;VIA OLINDO GUERRINI;;;Scontro frontale/laterale DX fra veicoli in marcia;Incrocio;Una carreggiata a senso unico di marcia;Bagnato (pioggia);Asfaltata;Verticale ed orizzontale;Pioggia in atto;Normale;Buona;Ore Diurne;0;0;0;2;;;-1;1;Autovettura privata;In marcia / fermata / arresto;Conducente;M;Illeso;0;;Non accertato;Inesistente
1944850;4;17/05/2013 09:10;Strada Urbana;VIA DARIO NICCODEMI;all'intersezione con;VIA OLINDO GUERRINI;VIA OLINDO GUERRINI;;;Scontro frontale/laterale DX fra veicoli in marcia;Incrocio;Una carreggiata a senso unico di marcia;Bagnato (pioggia);Asfaltata;Verticale ed orizzontale;Pioggia in atto;Normale;Buona;Ore Diurne;0;0;0;2;;;-1;2;Motociclo a solo;In marcia / fermata / arresto;Conducente;F;Illeso;0;;Non accertato;
1944851;4;17/05/2013 10:30;Strada Urbana;VIALE CARMELO BENE;in corrispondenza;;del civico n. ;485;;Tamponamento;Curva a visuale libera;Due carreggiate;Bagnato (pioggia);Asfaltata;Verticale ed orizzontale;Pioggia in atto;Normale;Buona;Ore Diurne;1;0;0;1;;;-1;1;Autovettura privata;In marcia / fermata / arresto;Conducente;M;Illeso;0;;Non accertato;Inesistente
1944851;4;17/05/2013 10:30;Strada Urbana;VIALE CARMELO BENE;in corrispondenza;;del civico n. ;485;;Tamponamento;Curva a visuale libera;Due carreggiate;Bagnato (pioggia);Asfaltata;Verticale ed orizzontale;Pioggia in atto;Normale;Buona;Ore Diurne;1;0;0;1;;;-1;2;Autovettura privata;In marcia / fermata / arresto;Conducente;M;Rimandato;0;NON DECEDUTO;Non accertato;Inesistente
1944852;16;15/05/2013 10:45;Strada Urbana;VIA QUIRINO MAJORANA;da specificare;;;;ALTEZZA PARCHEGGIO OSPEDALE SAN CAMILLO;Investimento di pedone;Rettilineo;Due carreggiate;Asciutto;Asfaltata;Verticale ed orizzontale;Sereno;Normale;Buona;Ore Diurne;0;0;0;2;;;-1;;;;Pedone;F;Illeso;0;;;
1944852;16;15/05/2013 10:45;Strada Urbana;VIA QUIRINO MAJORANA;da specificare;;;;ALTEZZA PARCHEGGIO OSPEDALE SAN CAMILLO;Investimento di pedone;Rettilineo;Due carreggiate;Asciutto;Asfaltata;Verticale ed orizzontale;Sereno;Normale;Buona;Ore Diurne;0;0;0;2;;;-1;1;Autovettura privata;In marcia / fermata / arresto;Conducente;F;Illeso;0;;Non accertato;Inesploso