Protocollo;Gruppo;DataOraIncidente;Localizzazione1;STRADA1;Localizzazione2;STRADA2;Strada02;Chilometrica;DaSpecificare;NaturaIncidente;particolaritastrade;TipoStrada;FondoStradale;Pavimentazione;Segnaletica;CondizioneAtmosferica;Traffico;Visibilita;Illuminazione;NUM_FERITI;NUM_RISERVATA;NUM_MORTI;NUM_ILLESI;Longitudine;Latitudine;Confermato;Progressivo;TipoVeicolo;StatoVeicolo;TipoPersona;Sesso;Tipolesione;Deceduto;DecedutoDopo;CinturaCascoUtilizzato;Airbag
1945210;16;20/05/2013 17:10;Strada Urbana;VICOLO DEL CASALE LUMBROSO;in corrispondenza;;del civico n. ;89;;Scontro frontale/laterale DX fra veicoli in marcia;Rettilineo;Una carreggiata a doppio senso;Asciutto;Asfaltata;Orizzontale;Sereno;Normale;Buona;Ore Diurne;1;0;0;4;;;-1;3;Autovettura privata;In marcia / fermata / arresto;Conducente;M;Illeso;0;;Non accertato;Inesistente
1945210;16;20/05/2013 17:10;Strada Urbana;VICOLO DEL CASALE LUMBROSO;in corrispondenza;;del civico n. ;89;;Scontro frontale/laterale DX fra veicoli in marcia;Rettilineo;Una carreggiata a doppio senso;Asciutto;Asfaltata;Orizzontale;Sereno;Normale;Buona;Ore Diurne;1;0;0;4;;;-1;4;Autovettura pubblica;In marcia / fermata / arresto;Conducente;M;Illeso;0;;Non accertato;Inesistente
1945210;16;20/05/2013 17:10;Strada Urbana;VICOLO DEL CASALE LUMBROSO;in corrispondenza;;del civico n. ;89;;Scontro frontale/laterale DX fra veicoli in marcia;Rettilineo;Una carreggiata a doppio senso;Asciutto;Asfaltata;Orizzontale;Sereno;Normale;Buona;Ore Diurne;1;0;0;4;;;-1;5;Autovettura privata;In marcia / fermata / arresto;Conducente;M;Illeso;0;;Non accertato;Inesistente
1945211;2;22/05/2013 07:50;Strada Urbana;VIA DIRE DAUA;in prossimità;;del civico n. ;11;;Veicolo in marcia contro veicolo in sosta;Rettilineo;Una carreggiata a senso unico di marcia;Asciutto;Asfaltata;Verticale ed orizzontale;Sereno;Normale;Buona;Ore Diurne;0;0;0;1;;;-1;1;Motociclo a solo;In marcia / fermata / arresto;Conducente;M;Illeso;0;;Non accertato;Inesistente
1945212;18;20/05/2013 19:00;Strada Urbana;VIA AURELIA;in prossimità;;del civico n. ;742;;Tamponamento;Rettilineo;Due carreggiate;Asciutto;Asfaltata;Verticale ed orizzontale;Sereno;Normale;Buona;Ore Diurne;0;0;0;3;;;-1;1;Autovettura di polizia;In marcia / fermata / arresto;Conducente;M;Illeso;0;;Non accertato;Inesploso
1945212;18;20/05/2013 19:00;Strada Urbana;VIA AURELIA;in prossimità;;del civico n. ;742;;Tamponamento;Rettilineo;Due carreggiate;Asciutto;Asfaltata;Verticale ed orizzontale;Sereno;Normale;Buona;Ore Diurne;0;0;0;3;;;-1;1;Autovettura di polizia;In marcia / fermata / arresto;Passeggero;F;Illeso;0;;Non accertato;Inesploso
1945212;18;20/05/2013 19:00;Strada Urbana;VIA AURELIA;in prossimità;;del civico n. ;742;;Tamponamento;Rettilineo;Due carreggiate;Asciutto;Asfaltata;Verticale ed orizzontale;Sereno;Normale;Buona;Ore Diurne;0;0;0;3;;;-1;2;Autovettura privata;In marcia / fermata / arresto;Conducente;M;Illeso;0;;Non accertato;Inesploso
1945213;1;21/05/2013 19:30;Strada Urbana;LUNGOTEVERE DEGLI ANGUILLARA;in prossimità;;ALBERO;1;;Scontro laterale fra veicoli in marcia;Rettilineo;Una carreggiata a senso unico di marcia;Bagnato (pioggia);Asfaltata;Verticale ed orizzontale;Pioggia in atto;Normale;Buona;Ore Diurne;1;0;0;1;;;-1;1;Autovettura privata;In marcia / fermata / arresto;Conducente;M;Illeso;0;;Non accertato;Inesistente
1945213;1;21/05/2013 19:30;Strada Urbana;LUNGOTEVERE DEGLI ANGUILLARA;in prossimità;;ALBERO;1;;Scontro laterale fra veicoli in marcia;Rettilineo;Una carreggiata a senso unico di marcia;Bagnato (pioggia);Asfaltata;Verticale ed orizzontale;Pioggia in atto;Normale;Buona;Ore Diurne;1;0;0;1;;;-1;2;Motociclo a solo;In marcia / fermata / arresto;Conducente;M;Rimandato;0;NON DECEDUTO;Non accertato;Inesistente
1945214;1;23/05/2013 00:50;Strada Urbana;VIA MARSALA;all'intersezione con; Sottovia Cappellini; Sottovia Cappellini;;;Investimento di pedone;Incrocio;Una carreggiata a senso unico alternato;Bagnato (pioggia);Asfaltata;Verticale;Pioggia in atto;Scarso;Buona;Sufficiente;5;0;0;1;;;-1;;;;Pedone;M;Rimandato;0;NON DECEDUTO;;
1945214;1;23/05/2013 00:50;Strada Urbana;VIA MARSALA;all'intersezione con; Sottovia Cappellini; Sottovia Cappellini;;;Investimento di pedone;Incrocio;Una carreggiata a senso unico alternato;Bagnato (pioggia);Asfaltata;Verticale;Pioggia in atto;Scarso;Buona;Sufficiente;5;0;0;1;;;-1;;;;Pedone;M;Rimandato;0;NON DECEDUTO;;
1945214;1;23/05/2013 00:50;Strada Urbana;VIA MARSALA;all'intersezione con; Sottovia Cappellini; Sottovia Cappellini;;;Investimento di pedone;Incrocio;Una carreggiata a senso unico alternato;Bagnato (pioggia);Asfaltata;Verticale;Pioggia in atto;Scarso;Buona;Sufficiente;5;0;0;1;;;-1;;;;Pedone;F;Rimandato;0;NON DECEDUTO;;
1945214;1;23/05/2013 00:50;Strada Urbana;VIA MARSALA;all'intersezione con; Sottovia Cappellini; Sottovia Cappellini;;;Investimento di pedone;Incrocio;Una carreggiata a senso unico alternato;Bagnato (pioggia);Asfaltata;Verticale;Pioggia in atto;Scarso;Buona;Sufficiente;5;0;0;1;;;-1;;;;Pedone;F;Rimandato;0;NON DECEDUTO;;
1945214;1;23/05/2013 00:50;Strada Urbana;VIA MARSALA;all'intersezione con; Sottovia Cappellini; Sottovia Cappellini;;;Investimento di pedone;Incrocio;Una carreggiata a senso unico alternato;Bagnato (pioggia);Asfaltata;Verticale;Pioggia in atto;Scarso;Buona;Sufficiente;5;0;0;1;;;-1;1;Autovettura privata;In marcia / fermata / arresto;Conducente;M;Illeso;0;;Non accertato;Inesistente
1945215;20;22/05/2013 14:30;Strada Urbana;VIA JONAS EDWARD SALK;in prossimità;;del palo luce n. ;87;;Scontro frontale fra veicoli in marcia;Curva a visuale libera;Una carreggiata a doppio senso;Bagnato (pioggia);Asfaltata;Verticale ed orizzontale;Pioggia in atto;Normale;Buona;Ore Diurne;1;0;0;2;;;-1;1;Autovettura privata;In marcia / fermata / arresto;Conducente;M;Rimandato;0;NON DECEDUTO;Non accertato;Inesistente
1945215;20;22/05/2013 14:30;Strada Urbana;VIA JONAS EDWARD SALK;in prossimità;;del palo luce n. ;87;;Scontro frontale fra veicoli in marcia;Curva a visuale libera;Una carreggiata a doppio senso;Bagnato (pioggia);Asfaltata;Verticale ed orizzontale;Pioggia in atto;Normale;Buona;Ore Diurne;1;0;0;2;;;-1;2;Autovettura privata;In marcia / fermata / arresto;Conducente;M;Illeso;0;;Non accertato;Inesistente
1945215;20;22/05/2013 14:30;Strada Urbana;VIA JONAS EDWARD SALK;in prossimità;;del palo luce n. ;87;;Scontro frontale fra veicoli in marcia;Curva a visuale libera;Una carreggiata a doppio senso;Bagnato (pioggia);Asfaltata;Verticale ed orizzontale;Pioggia in atto;Normale;Buona;Ore Diurne;1;0;0;2;;;-1;2;Autovettura privata;In marcia / fermata / arresto;Passeggero;M;Illeso;0;;Non accertato;Inesistente
1945216;7;23/05/2013 08:20;Strada Urbana;VIA COLLATINA;in corrispondenza;;del civico n. ;385;;Scontro frontale/laterale DX fra veicoli in marcia;Rettilineo;Una carreggiata a doppio senso;Bagnato (pioggia);Asfaltata;Orizzontale;Pioggia in atto;Normale;Buona;Ore Diurne;2;0;0;2;;;-1;1;Autovettura privata;In marcia / fermata / arresto;Conducente;M;Illeso;0;;Non accertato;Inesploso
1945216;7;23/05/2013 08:20;Strada Urbana;VIA COLLATINA;in corrispondenza;;del civico n. ;385;;Scontro frontale/laterale DX fra veicoli in marcia;Rettilineo;Una carreggiata a doppio senso;Bagnato (pioggia);Asfaltata;Orizzontale;Pioggia in atto;Normale;Buona;Ore Diurne;2;0;0;2;;;-1;1;Autovettura privata;In marcia / fermata / arresto;Passeggero;F;Illeso;0;;Non accertato;Inesploso
1945216;7;23/05/2013 08:20;Strada Urbana;VIA COLLATINA;in corrispondenza;;del civico n. ;385;;Scontro frontale/laterale DX fra veicoli in marcia;Rettilineo;Una carreggiata a doppio senso;Bagnato (pioggia);Asfaltata;Orizzontale;Pioggia in atto;Normale;Buona;Ore Diurne;2;0;0;2;;;-1;2;Motociclo con passeggero;In marcia / fermata / arresto;Conducente;M;Rimandato;0;NON DECEDUTO;Non accertato;Inesistente
1945216;7;23/05/2013 08:20;Strada Urbana;VIA COLLATINA;in corrispondenza;;del civico n. ;385;;Scontro frontale/laterale DX fra veicoli in marcia;Rettilineo;Una carreggiata a doppio senso;Bagnato (pioggia);Asfaltata;Orizzontale;Pioggia in atto;Normale;Buona;Ore Diurne;2;0;0;2;;;-1;2;Motociclo con passeggero;In marcia / fermata / arresto;Passeggero;F;Rimandato;0;NON DECEDUTO;Non accertato;Inesistente
1945217;20;22/05/2013 09:25;Strada Urbana;PIAZZALE DI PONTE MILVIO;in corrispondenza;;del civico n. ;46;;Tamponamento;Rettilineo;Una carreggiata a senso unico di marcia;Asciutto;Asfaltata;Assente;Nuvoloso;Normale;Buona;Ore Diurne;0;0;0;2;;;-1;1;Autovettura privata;In marcia / fermata / arresto;Conducente;F;Illeso;0;;Non accertato;Inesistente
1945217;20;22/05/2013 09:25;Strada Urbana;PIAZZALE DI PONTE MILVIO;in corrispondenza;;del civico n. ;46;;Tamponamento;Rettilineo;Una carreggiata a senso unico di marcia;Asciutto;Asfaltata;Assente;Nuvoloso;Normale;Buona;Ore Diurne;0;0;0;2;;;-1;2;Autovettura privata;In marcia / fermata / arresto;Conducente;F;Illeso;0;;Non accertato;Inesistente
1945218;18;21/05/2013 20:20;Statale;VIA AURELIA;in prossimità;;della chilometrica ;9,9;;Tamponamento Multiplo;Curva senza visuale libera;Due carreggiate;Bagnato (pioggia);Asfaltata;Verticale ed orizzontale;Pioggia in atto;Scarso;Buona;Sufficiente;0;0;0;4;;;-1;1;Autovettura di polizia;In marcia / fermata / arresto;Conducente;M;Illeso;0;;Utilizzato;Inesploso
1945218;18;21/05/2013 20:20;Statale;VIA AURELIA;in prossimità;;della chilometrica ;9,9;;Tamponamento Multiplo;Curva senza visuale libera;Due carreggiate;Bagnato (pioggia);Asfaltata;Verticale ed orizzontale;Pioggia in atto;Scarso;Buona;Sufficiente;0;0;0;4;;;-1;2;Autovettura privata;In marcia / fermata / arresto;Conducente;M;Illeso;0;;Non accertato;Inesploso
1945218;18;21/05/2013 20:20;Statale;VIA AURELIA;in prossimità;;della chilometrica ;9,9;;Tamponamento Multiplo;Curva senza visuale libera;Due carreggiate;Bagnato (pioggia);Asfaltata;Verticale ed orizzontale;Pioggia in atto;Scarso;Buona;Sufficiente;0;0;0;4;;;-1;3;Autovettura privata;In marcia / fermata / arresto;Conducente;F;Illeso;0;;Non accertato;Inesploso
1945218;18;21/05/2013 20:20;Statale;VIA AURELIA;in prossimità;;della chilometrica ;9,9;;Tamponamento Multiplo;Curva senza visuale libera;Due carreggiate;Bagnato (pioggia);Asfaltata;Verticale ed orizzontale;Pioggia in atto;Scarso;Buona;Sufficiente;0;0;0;4;;;-1;3;Autovettura privata;In marcia / fermata / arresto;Passeggero;F;Illeso;0;;Non accertato;Inesploso
1945219;20;22/05/2013 10:25;Regionale;VIA CASSIA;in corrispondenza;;del civico n. ;1304;;Scontro frontale/laterale SX fra veicoli in marcia;Rettilineo;Una carreggiata a doppio senso;Asciutto;Asfaltata;Orizzontale;Sereno;Normale;Buona;Ore Diurne;0;0;0;4;;;-1;1;Autocarro inferiore 35 q.;In marcia / fermata / arresto;Conducente;M;Illeso;0;;Non accertato;Inesploso
1945219;20;22/05/2013 10:25;Regionale;VIA CASSIA;in corrispondenza;;del civico n. ;1304;;Scontro frontale/laterale SX fra veicoli in marcia;Rettilineo;Una carreggiata a doppio senso;Asciutto;Asfaltata;Orizzontale;Sereno;Normale;Buona;Ore Diurne;0;0;0;4;;;-1;1;Autocarro inferiore 35 q.;In marcia / fermata / arresto;Passeggero;F;Illeso;0;;Non accertato;Inesploso
1945219;20;22/05/2013 10:25;Regionale;VIA CASSIA;in corrispondenza;;del civico n. ;1304;;Scontro frontale/laterale SX fra veicoli in marcia;Rettilineo;Una carreggiata a doppio senso;Asciutto;Asfaltata;Orizzontale;Sereno;Normale;Buona;Ore Diurne;0;0;0;4;;;-1;2;Motociclo con passeggero;In marcia / fermata / arresto;Conducente;M;Illeso;0;;Utilizzato;Inesistente
1945219;20;22/05/2013 10:25;Regionale;VIA CASSIA;in corrispondenza;;del civico n. ;1304;;Scontro frontale/laterale SX fra veicoli in marcia;Rettilineo;Una carreggiata a doppio senso;Asciutto;Asfaltata;Orizzontale;Sereno;Normale;Buona;Ore Diurne;0;0;0;4;;;-1;2;Motociclo con passeggero;In marcia / fermata / arresto;Passeggero;M;Illeso;0;;Utilizzato;Inesistente
1945221;6;23/05/2013 08:25;Strada Urbana;VIA PRENESTINA;in prossimità;;del civico n. ;19;;Veicolo in marcia contro veicolo in sosta;Rettilineo;Due carreggiate;Bagnato (pioggia);Asfaltata;Verticale ed orizzontale;Pioggia in atto;Intenso;Sufficiente;Ore Diurne;1;0;0;0;;;-1;1;Motociclo a solo;In marcia / fermata / arresto;Conducente;M;Rifiuta cure immediate;0;NON DECEDUTO;Non accertato;Inesploso
1945222;2;22/05/2013 20:40;Strada Urbana;LUNGOTEVERE DELL'ACQUA ACETOSA;all'intersezione semaforizzata con;VIA VENEZUELA;VIA VENEZUELA;;;Tamponamento;Intersezione semaforizzata;Una carreggiata a doppio senso;Bagnato (pioggia);Asfaltata;Verticale ed orizzontale;Pioggia in atto;Scarso;Sufficiente;Sufficiente;1;0;0;1;;;-1;1;Autovettura privata;In marcia / fermata / arresto;Conducente;F;Illeso;0;;Non accertato;Inesistente
1945222;2;22/05/2013 20:40;Strada Urbana;LUNGOTEVERE DELL'ACQUA ACETOSA;all'intersezione semaforizzata con;VIA VENEZUELA;VIA VENEZUELA;;;Tamponamento;Intersezione semaforizzata;Una carreggiata a doppio senso;Bagnato (pioggia);Asfaltata;Verticale ed orizzontale;Pioggia in atto;Scarso;Sufficiente;Sufficiente;1;0;0;1;;;-1;2;Motociclo a solo;In marcia / fermata / arresto;Conducente;M;Rimandato;0;NON DECEDUTO;Non accertato;Inesistente
1945223;4;23/05/2013 09:50;Strada Urbana;VIA DI TOR S. GIOVANNI;in prossimità;;del civico n. ;155;;Tamponamento;Rettilineo;Una carreggiata a doppio senso;Bagnato (umidità in atto);Asfaltata;Verticale ed orizzontale;Nuvoloso;Normale;Buona;Ore Diurne;0;0;0;2;;;-1;1;Autovettura privata;In marcia / fermata / arresto;Conducente;M;Illeso;0;;Non accertato;Inesploso
1945223;4;23/05/2013 09:50;Strada Urbana;VIA DI TOR S. GIOVANNI;in prossimità;;del civico n. ;155;;Tamponamento;Rettilineo;Una carreggiata a doppio senso;Bagnato (umidità in atto);Asfaltata;Verticale ed orizzontale;Nuvoloso;Normale;Buona;Ore Diurne;0;0;0;2;;;-1;2;Autocarro inferiore 35 q.;In marcia / fermata / arresto;Conducente;M;Illeso;0;;Non accertato;Inesistente
1945224;12;23/05/2013 09:45;Provinciale;VIA ARDEATINA;da specificare;;;;altezza via di Porta Medaglia;Veicolo in marcia contro ostacolo accidentale;Rettilineo;Una carreggiata a doppio senso;Bagnato (umidità in atto);Asfaltata;Verticale ed orizzontale;Nuvoloso;Normale;Buona;Ore Diurne;0;0;0;1;;;-1;1;Autovettura privata;In marcia / fermata / arresto;Conducente;M;Illeso;0;;Utilizzato;Inesistente
1945225;9;23/05/2013 10:30;Strada Urbana;VIA MAGNAGRECIA;all'intersezione semaforizzata con;VIA APPIA NUOVA;VIA APPIA NUOVA;;;Scontro laterale fra veicoli in marcia;Intersezione semaforizzata;Due carreggiate;Bagnato (pioggia);Asfaltata;Verticale ed orizzontale;Pioggia in atto;Intenso;Buona;Ore Diurne;0;0;0;5;;;-1;1;Autocarro inferiore 35 q.;In marcia / fermata / arresto;Conducente;M;Illeso;0;;Non accertato;Inesploso
1945225;9;23/05/2013 10:30;Strada Urbana;VIA MAGNAGRECIA;all'intersezione semaforizzata con;VIA APPIA NUOVA;VIA APPIA NUOVA;;;Scontro laterale fra veicoli in marcia;Intersezione semaforizzata;Due carreggiate;Bagnato (pioggia);Asfaltata;Verticale ed orizzontale;Pioggia in atto;Intenso;Buona;Ore Diurne;0;0;0;5;;;-1;2;Autovettura privata;In marcia / fermata / arresto;Conducente;M;Illeso;0;;Non accertato;Inesploso
1945225;9;23/05/2013 10:30;Strada Urbana;VIA MAGNAGRECIA;all'intersezione semaforizzata con;VIA APPIA NUOVA;VIA APPIA NUOVA;;;Scontro laterale fra veicoli in marcia;Intersezione semaforizzata;Due carreggiate;Bagnato (pioggia);Asfaltata;Verticale ed orizzontale;Pioggia in atto;Intenso;Buona;Ore Diurne;0;0;0;5;;;-1;2;Autovettura privata;In marcia / fermata / arresto;Passeggero;M;Illeso;0;;Non accertato;Inesploso
1945225;9;23/05/2013 10:30;Strada Urbana;VIA MAGNAGRECIA;all'intersezione semaforizzata con;VIA APPIA NUOVA;VIA APPIA NUOVA;;;Scontro laterale fra veicoli in marcia;Intersezione semaforizzata;Due carreggiate;Bagnato (pioggia);Asfaltata;Verticale ed orizzontale;Pioggia in atto;Intenso;Buona;Ore Diurne;0;0;0;5;;;-1;2;Autovettura privata;In marcia / fermata / arresto;Passeggero;F;Illeso;0;;Non accertato;Inesploso
1945225;9;23/05/2013 10:30;Strada Urbana;VIA MAGNAGRECIA;all'intersezione semaforizzata con;VIA APPIA NUOVA;VIA APPIA NUOVA;;;Scontro laterale fra veicoli in marcia;Intersezione semaforizzata;Due carreggiate;Bagnato (pioggia);Asfaltata;Verticale ed orizzontale;Pioggia in atto;Intenso;Buona;Ore Diurne;0;0;0;5;;;-1;2;Autovettura privata;In marcia / fermata / arresto;Passeggero;F;Illeso;0;;Non accertato;Inesistente
1945226;9;23/05/2013 11:30;Strada Urbana;VIA VETULONIA;in corrispondenza;;del civico n. ;70;;Veicolo in marcia contro veicolo in sosta;Rettilineo;Una carreggiata a senso unico di marcia;Asciutto;Asfaltata;Verticale ed orizzontale;Nuvoloso;Normale;Buona;Ore Diurne;1;0;0;0;;;-1;1;Motociclo con passeggero;In marcia / fermata / arresto;Conducente;M;Rimandato;0;NON DECEDUTO;Non accertato;Inesploso
1945227;18;20/05/2013 07:20;Strada Urbana;VIA MATTIA BATTISTINI;in corrispondenza;;del civico n. ;11;;Veicolo in marcia contro veicolo fermo;Rettilineo;Una carreggiata a doppio senso;Asciutto;Asfaltata;Verticale ed orizzontale;Sereno;Normale;Sufficiente;Ore Diurne;0;0;0;2;;;-1;1;Autovettura privata;In marcia / fermata / arresto;Conducente;M;Illeso;0;;Non accertato;Inesploso
1945227;18;20/05/2013 07:20;Strada Urbana;VIA MATTIA BATTISTINI;in corrispondenza;;del civico n. ;11;;Veicolo in marcia contro veicolo fermo;Rettilineo;Una carreggiata a doppio senso;Asciutto;Asfaltata;Verticale ed orizzontale;Sereno;Normale;Sufficiente;Ore Diurne;0;0;0;2;;;-1;2;Motociclo a solo;In marcia / fermata / arresto;Conducente;M;Illeso;0;;Non accertato;Inesistente
1945228;19;23/05/2013 08:30;Strada Urbana;VIA DI CASAL DEL MARMO;all'intersezione con;VIA ROBBIO;VIA ROBBIO;;;Scontro laterale fra veicoli in marcia;Incrocio;Una carreggiata a doppio senso;Bagnato (pioggia);Asfaltata;Verticale ed orizzontale;Nuvoloso;Normale;Buona;Ore Diurne;0;0;0;4;;;-1;1;Autovettura privata;In marcia / fermata / arresto;Conducente;M;Illeso;0;;Non accertato;Inesistente
1945228;19;23/05/2013 08:30;Strada Urbana;VIA DI CASAL DEL MARMO;all'intersezione con;VIA ROBBIO;VIA ROBBIO;;;Scontro laterale fra veicoli in marcia;Incrocio;Una carreggiata a doppio senso;Bagnato (pioggia);Asfaltata;Verticale ed orizzontale;Nuvoloso;Normale;Buona;Ore Diurne;0;0;0;4;;;-1;1;Autovettura privata;In marcia / fermata / arresto;Passeggero;M;Illeso;0;;Non accertato;Inesistente
1945228;19;23/05/2013 08:30;Strada Urbana;VIA DI CASAL DEL MARMO;all'intersezione con;VIA ROBBIO;VIA ROBBIO;;;Scontro laterale fra veicoli in marcia;Incrocio;Una carreggiata a doppio senso;Bagnato (pioggia);Asfaltata;Verticale ed orizzontale;Nuvoloso;Normale;Buona;Ore Diurne;0;0;0;4;;;-1;1;Autovettura privata;In marcia / fermata / arresto;Passeggero;M;Illeso;0;;Non accertato;Inesistente
1945228;19;23/05/2013 08:30;Strada Urbana;VIA DI CASAL DEL MARMO;all'intersezione con;VIA ROBBIO;VIA ROBBIO;;;Scontro laterale fra veicoli in marcia;Incrocio;Una carreggiata a doppio senso;Bagnato (pioggia);Asfaltata;Verticale ed orizzontale;Nuvoloso;Normale;Buona;Ore Diurne;0;0;0;4;;;-1;2;Motociclo a solo;In marcia / fermata / arresto;Conducente;M;Illeso;0;;Non accertato;Inesistente
1945229;19;23/05/2013 10:35;Strada Urbana;VIA TRIONFALE;in corrispondenza;;del civico n. ;10702;;Tamponamento Multiplo;Rettilineo;Una carreggiata a doppio senso;Asciutto;Asfaltata;Orizzontale;Nuvoloso;Normale;Buona;Ore Diurne;0;0;0;5;;;-1;1;Autovettura pubblica;In marcia / fermata / arresto;Conducente;M;Illeso;0;;Non accertato;Inesploso
1945229;19;23/05/2013 10:35;Strada Urbana;VIA TRIONFALE;in corrispondenza;;del civico n. ;10702;;Tamponamento Multiplo;Rettilineo;Una carreggiata a doppio senso;Asciutto;Asfaltata;Orizzontale;Nuvoloso;Normale;Buona;Ore Diurne;0;0;0;5;;;-1;2;Autoambulanza;In marcia / fermata / arresto;Conducente;M;Illeso;0;;Non accertato;Inesploso
1945229;19;23/05/2013 10:35;Strada Urbana;VIA TRIONFALE;in corrispondenza;;del civico n. ;10702;;Tamponamento Multiplo;Rettilineo;Una carreggiata a doppio senso;Asciutto;Asfaltata;Orizzontale;Nuvoloso;Normale;Buona;Ore Diurne;0;0;0;5;;;-1;2;Autoambulanza;In marcia / fermata / arresto;Passeggero;M;Illeso;0;;Non accertato;Inesploso
1945229;19;23/05/2013 10:35;Strada Urbana;VIA TRIONFALE;in corrispondenza;;del civico n. ;10702;;Tamponamento Multiplo;Rettilineo;Una carreggiata a doppio senso;Asciutto;Asfaltata;Orizzontale;Nuvoloso;Normale;Buona;Ore Diurne;0;0;0;5;;;-1;2;Autoambulanza;In marcia / fermata / arresto;Passeggero;F;Illeso;0;;Non accertato;Inesploso
1945229;19;23/05/2013 10:35;Strada Urbana;VIA TRIONFALE;in corrispondenza;;del civico n. ;10702;;Tamponamento Multiplo;Rettilineo;Una carreggiata a doppio senso;Asciutto;Asfaltata;Orizzontale;Nuvoloso;Normale;Buona;Ore Diurne;0;0;0;5;;;-1;3;Autovettura privata;In marcia / fermata / arresto;Conducente;M;Illeso;0;;Non accertato;Inesploso
1945230;12;22/05/2013 22:45;Provinciale entro l'abitato;VIA LAURENTINA;da specificare;;;;direzione Roma, altezza G.R.A;Veicolo in marcia contro ostacolo accidentale;Rettilineo;Due carreggiate;Bagnato (pioggia);Con buche;Verticale ed orizzontale;Pioggia in atto;Scarso;Buona;Sufficiente;0;0;0;1;;;-1;1;Autovettura privata;In marcia / fermata / arresto;Conducente;M;Illeso;0;;Non accertato;Inesistente
1945231;15;23/05/2013 11:15;Strada Urbana;VIA DEL TRULLO;in prossimità;;del civico n. ;154;;Veicolo in marcia contro veicolo in sosta;Rettilineo;Due carreggiate;Asciutto;Asfaltata;Verticale ed orizzontale;Nuvoloso;Normale;Buona;Ore Diurne;1;0;0;0;;;-1;1;Motociclo a solo;In marcia / fermata / arresto;Conducente;M;Rimandato;0;NON DECEDUTO;Non accertato;Inesistente
1945232;1;18/05/2013 01:30;Strada Urbana;VIA TOMACELLI;in corrispondenza;;del civico n. ;23;;Veicoli in marcia contro veicolo fermo;Rettilineo;Una carreggiata a doppio senso;Asciutto;Asfaltata;Verticale ed orizzontale;Sereno;Scarso;Sufficiente;Sufficiente;0;0;0;1;;;-1;2;Autovettura privata;In marcia / fermata / arresto;Conducente;M;Illeso;0;;Non accertato;Inesistente
1945233;1;22/05/2013 17:15;Strada Urbana;VIA CAVOUR;all'intersezione con;VIA DEGLI ANNIBALDI;VIA DEGLI ANNIBALDI;;;Infortunio per sola frenata improvvisa;Intersezione semaforizzata;Una carreggiata a doppio senso;Asciutto;Asfaltata;Verticale ed orizzontale;Nuvoloso;Intenso;Buona;Ore Diurne;1;0;0;0;;;-1;1;Motociclo a solo;In marcia / fermata / arresto;Conducente;M;Rimandato;0;NON DECEDUTO;Non accertato;Inesistente
1945234;1;21/05/2013 12:30;Strada Urbana;VIA DEL TRITONE;in prossimità;;del civico n. ;50;;Tamponamento Multiplo;Rettilineo;Una carreggiata a doppio senso;Asciutto;Asfaltata;Verticale ed orizzontale;Nuvoloso;Normale;Buona;Ore Diurne;1;0;0;3;;;-1;1;Autobus urbano;In marcia / fermata / arresto;Conducente;M;Illeso;0;;Non accertato;Inesistente
1945234;1;21/05/2013 12:30;Strada Urbana;VIA DEL TRITONE;in prossimità;;del civico n. ;50;;Tamponamento Multiplo;Rettilineo;Una carreggiata a doppio senso;Asciutto;Asfaltata;Verticale ed orizzontale;Nuvoloso;Normale;Buona;Ore Diurne;1;0;0;3;;;-1;2;Autocarro inferiore 35 q.;In marcia / fermata / arresto;Conducente;M;Illeso;0;;Non accertato;Inesistente
1945234;1;21/05/2013 12:30;Strada Urbana;VIA DEL TRITONE;in prossimità;;del civico n. ;50;;Tamponamento Multiplo;Rettilineo;Una carreggiata a doppio senso;Asciutto;Asfaltata;Verticale ed orizzontale;Nuvoloso;Normale;Buona;Ore Diurne;1;0;0;3;;;-1;3;Autovettura privata;In marcia / fermata / arresto;Conducente;M;Rifiuta cure immediate;0;NON DECEDUTO;Non accertato;Inesistente
1945234;1;21/05/2013 12:30;Strada Urbana;VIA DEL TRITONE;in prossimità;;del civico n. ;50;;Tamponamento Multiplo;Rettilineo;Una carreggiata a doppio senso;Asciutto;Asfaltata;Verticale ed orizzontale;Nuvoloso;Normale;Buona;Ore Diurne;1;0;0;3;;;-1;4;Autovettura pubblica;In marcia / fermata / arresto;Conducente;M;Illeso;0;;Non accertato;Inesistente
1945235;1;22/05/2013 11:50;Strada Urbana;VIA DEI SERPENTI;in prossimità;;del civico n. ;175;;Investimento di pedone;Rettilineo;Una carreggiata a doppio senso;Asciutto;Asfaltata;Verticale ed orizzontale;Sereno;Normale;Buona;Ore Diurne;1;0;0;1;;;-1;;;;Pedone;M;Rimandato;0;NON DECEDUTO;;
1945235;1;22/05/2013 11:50;Strada Urbana;VIA DEI SERPENTI;in prossimità;;del civico n. ;175;;Investimento di pedone;Rettilineo;Una carreggiata a doppio senso;Asciutto;Asfaltata;Verticale ed orizzontale;Sereno;Normale;Buona;Ore Diurne;1;0;0;1;;;-1;1;Autocarro superiore 35 q.;In marcia / fermata / arresto;Conducente;M;Illeso;0;;Non accertato;Inesploso